temperature,value
1000,-0
999.5,0
999,0
998.5,0
998,-0
997.5,-0
997,-0
996.5,0
996,0
995.5,-0
995,0
994.5,-0
994,0
993.5,-0
993,-0
992.5,-0
992,-0
991.5,0
991,-0
990.5,0
990,0
989.5,0
989,0
988.5,-0
988,0
987.5,-0
987,-0
986.5,0
986,-0
985.5,0
985,-0
984.5,-0
984,-0
983.5,-0
983,-0
982.5,0
982,-0
981.5,-0
981,-0
980.5,-0
980,0
979.5,0
979,-0
978.5,-0
978,0
977.5,0
977,-0
976.5,-0
976,-0
975.5,-0
975,0
974.5,-0
974,-0
973.5,-0
973,0
972.5,0
972,0
971.5,0
971,0
970.5,-0
970,0
969.5,-0
969,0
968.5,0
968,0
967.5,-0
967,-0
966.5,0
966,0
965.5,-0
965,-0
964.5,0
964,0
963.5,-0
963,0
962.5,-0
962,-0
961.5,0
961,0
960.5,0
960,0
959.5,-0
959,-0
958.5,0
958,-0
957.5,0
957,0
956.5,-0
956,-0
955.5,0
955,0
954.5,-0
954,0
953.5,-0
953,0
952.5,0
952,0
951.5,-0
951,0
950.5,0
950,-0
949.5,0
949,0
948.5,-0
948,0
947.5,0
947,-0
946.5,-0
946,0
945.5,0
945,0
944.5,-3.79298e-316
944,-1.05325e-195
943.5,-3.25476e-133
943,-3.68859e-55
942.5,-9.11634e-14
942,-0.791779
941.5,-0.777114
941,-0.973529
940.5,-0.81382
940,-0.694713
939.5,-0.730868
939,-0.896216
938.5,-0.835598
938,-0.980052
937.5,-0.87965
937,-0.973109
936.5,-0.99644
936,-0.995581
935.5,-0.883876
935,-0.781588
934.5,-0.873835
934,-0.82876
933.5,-0.965698
933,-0.677734
932.5,-0.611008
932,-0.889746
931.5,-0.474663
931,-0.7214
930.5,-0.779236
930,-0.959371
929.5,-0.352163
929,-0.853992
928.5,-0.999346
928,-0.161955
927.5,-0.586252
927,-0.997847
926.5,-0.947886
926,-0.967411
925.5,-0.482069
925,-0.973101
924.5,-0.903916
924,-0.719276
923.5,-0.0453941
923,-0.578917
922.5,-0.823408
922,-0.476922
921.5,-0.995364
921,-0.508879
920.5,-0.750895
920,-0.632838
919.5,-0.97791
919,-0.968211
918.5,-0.741548
918,-0.991417
917.5,-0.971759
917,-0.980172
916.5,-0.912135
916,-0.497479
915.5,-0.791019
915,-0.832466
914.5,-0.819718
914,-0.93376
913.5,-0.961042
913,-0.844218
912.5,-0.996987
912,-0.978762
911.5,-0.848902
911,-0.964719
910.5,-0.0657101
910,-0.996648
909.5,-0.801462
909,-0.87205
908.5,-0.95828
908,-0.925394
907.5,-0.925716
907,-0.582554
906.5,-0.855728
906,-0.848027
905.5,-0.658956
905,-0.761885
904.5,-0.962618
904,-0.251818
903.5,0.000638744
903,-8.32686e-12
902.5,5.97516e-05
902,-0.988806
901.5,-0.662904
901,-0.36918
900.5,-0.891672
900,-0.915067
899.5,-0.67255
899,-0.44919
898.5,-0.724106
898,-0.889857
897.5,-0.902532
897,-0.915708
896.5,-0.928959
896,-0.879665
895.5,-0.988654
895,-0.94743
894.5,-0.442009
894,-0.935904
893.5,-0.950169
893,-0.980267
892.5,-0.229154
892,-0.972818
891.5,-0.751548
891,-0.489147
890.5,-0.487941
890,-0.937587
889.5,-0.752253
889,-0.99408
888.5,-0.872055
888,-0.987385
887.5,-0.463424
887,-0.076101
886.5,-0.956842
886,-0.536235
885.5,-0.96736
885,-0.785358
884.5,-0.289921
884,-0.547863
883.5,-0.883278
883,-0.786083
882.5,-0.978095
882,-0.940203
881.5,-0.945464
881,-0.964836
880.5,-0.905411
880,-0.994929
879.5,-0.861471
879,-0.984826
878.5,-0.982647
878,-0.793725
877.5,-0.784189
877,-0.962573
876.5,-0.958416
876,-0.770206
875.5,-0.907619
875,-0.926668
874.5,-0.763214
874,-0.829727
873.5,-0.68638
873,-0.435636
872.5,-0.527953
872,-0.768555
871.5,-0.994829
871,-0.843068
870.5,-0.853436
870,-0.962061
869.5,-0.992721
869,-0.949592
868.5,-0.966977
868,-0.954661
867.5,-0.429409
867,-0.729633
866.5,-0.854396
866,-6.81343e-06
865.5,-0.689206
865,-0.862446
864.5,-0.863142
864,-0.933945
863.5,-0.657084
863,-0.979042
862.5,-0.731531
862,-0.978771
861.5,-0.746878
861,-0.896394
860.5,-0.223323
860,-0.915669
859.5,-0.850277
859,-0.978862
858.5,-0.948355
858,-0.900935
857.5,-0.562938
857,-0.911574
856.5,-0.867964
856,-0.560742
855.5,-0.769994
855,-0.895814
854.5,-0.918973
854,-0.925812
853.5,-0.868359
853,-0.965444
852.5,-0.721274
852,-0.507939
851.5,-0.949761
851,-0.891947
850.5,-0.883812
850,-0.965514
849.5,-0.981167
849,-0.548371
848.5,-0.892676
848,-0.936869
847.5,-0.831133
847,-0.848728
846.5,-0.921363
846,-0.926063
845.5,-0.73395
845,-0.844944
844.5,-0.225651
844,-0.969957
843.5,-0.194088
843,-0.987939
842.5,-0.9872
842,-0.71746
841.5,-0.331116
841,-0.924001
840.5,-0.642343
840,-0.97899
839.5,-0.271686
839,-0.951555
838.5,-0.895879
838,-0.898219
837.5,-0.79748
837,-0.984126
836.5,-0.304799
836,-0.417484
835.5,-0.843282
835,-0.879201
834.5,-0.991951
834,-0.657063
833.5,-0.952919
833,-0.982317
832.5,-0.274232
832,-0.98895
831.5,-0.986846
831,-0.948326
830.5,-0.759878
830,-0.977597
829.5,-0.855405
829,-0.35786
828.5,-0.701636
828,4.34028e-11
827.5,-2.49617e-05
827,-0.982161
826.5,-0.854579
826,-0.451323
825.5,-0.853131
825,-0.968214
824.5,-0.9531
824,-0.962203
823.5,-0.974242
823,-0.743913
822.5,-0.917527
822,-0.547689
821.5,-0.563715
821,-0.96319
820.5,-0.798052
820,-0.770869
819.5,-0.994074
819,-0.997288
818.5,-0.786092
818,-0.964161
817.5,-0.709313
817,-0.863862
816.5,-0.996547
816,-0.551591
815.5,-0.974037
815,-0.834117
814.5,-0.979656
814,-0.9843
813.5,-0.974115
813,-0.801321
812.5,-0.895301
812,-0.0201634
811.5,-0.610767
811,-0.986289
810.5,-0.860147
810,-0.996531
809.5,-0.508712
809,-0.815562
808.5,-0.35602
808,-0.680615
807.5,-0.700649
807,-0.996145
806.5,-0.980083
806,-0.770409
805.5,-0.975546
805,-0.146735
804.5,-0.986003
804,-0.612776
803.5,-0.9877
803,-0.982703
802.5,-0.812313
802,-0.935748
801.5,-0.990344
801,-0.909825
800.5,-0.487231
800,-0.947234
799.5,-0.981281
799,-0.627318
798.5,-0.977078
798,-0.971958
797.5,-0.96133
797,-0.713105
796.5,-0.674492
796,-0.887348
795.5,-0.555602
795,-0.979087
794.5,-0.774887
794,-0.523543
793.5,-0.773816
793,-0.976426
792.5,-0.512377
792,-0.875064
791.5,-0.952957
791,-0.981775
790.5,-0.979215
790,-0.955948
789.5,-0.992392
789,-0.52351
788.5,-0.925207
788,-0.822595
787.5,-0.99902
787,-0.834979
786.5,-0.919892
786,-0.891503
785.5,-0.997979
785,-0.804648
784.5,-0.736116
784,-0.87905
783.5,-0.975144
783,-0.813944
782.5,-0.97582
782,-0.922643
781.5,-0.898141
781,-0.955832
780.5,-0.886931
780,-0.586426
779.5,-0.416381
779,-0.871293
778.5,-1.8309e-12
778,1.21316e-12
777.5,-4.50134e-12
777,-4.06308e-12
776.5,-0.988112
776,-0.98709
775.5,-0.983241
775,-0.825666
774.5,-0.955379
774,-0.773835
773.5,-0.93051
773,-0.85324
772.5,-0.848837
772,-0.988707
771.5,-0.893884
771,-0.787844
770.5,-0.761854
770,-0.968426
769.5,-0.653667
769,-0.997373
768.5,-0.996674
768,-0.915803
767.5,-0.997028
767,-0.443566
766.5,-0.854106
766,-0.869699
765.5,-0.345741
765,-0.989394
764.5,-0.384362
764,-0.978835
763.5,-0.918502
763,-0.830582
762.5,-0.483836
762,-0.852473
761.5,-0.657109
761,-0.940829
760.5,-0.60981
760,-0.734537
759.5,-0.903244
759,-0.800315
758.5,-0.907431
758,-0.536519
757.5,-0.994505
757,-0.966484
756.5,-0.869897
756,-0.981067
755.5,-0.732758
755,-0.936635
754.5,-0.996803
754,-0.583582
753.5,-0.413929
753,-0.664835
752.5,-0.967047
752,-0.983831
751.5,-0.355738
751,-0.905149
750.5,-0.909199
750,-0.981001
749.5,-0.857323
749,-0.836247
748.5,-0.939469
748,-0.999178
747.5,-0.930373
747,-0.811075
746.5,-0.987072
746,-0.997386
745.5,-0.997328
745,-0.964612
744.5,-0.999053
744,-0.970491
743.5,-0.853879
743,-0.581031
742.5,-0.912564
742,-0.879593
741.5,-0.81908
741,-0.503772
740.5,-0.813978
740,-0.17034
739.5,-0.732063
739,-0.971212
738.5,-0.908931
738,-0.375201
737.5,-0.568904
737,-0.313082
736.5,-0.26212
736,-0.302495
735.5,-0.989088
735,-0.981293
734.5,-0.913521
734,-0.881513
733.5,-0.803311
733,-0.620333
732.5,-0.772137
732,-0.96303
731.5,-0.904502
731,-0.625442
730.5,-0.703967
730,-0.996183
729.5,-0.984383
729,-0.0139935
728.5,-0.953006
728,-0.752956
727.5,-0.614817
727,-0.98578
726.5,-0.976111
726,-0.152952
725.5,-0.831863
725,-0.39099
724.5,-0.435595
724,-0.461782
723.5,-0.560457
723,-0.948159
722.5,-0.935061
722,-0.912164
721.5,-0.865414
721,-0.886818
720.5,-0.878465
720,-0.374466
719.5,-0.885935
719,-0.939792
718.5,-0.990414
718,-0.789795
717.5,-0.796398
717,-0.842838
716.5,-0.98666
716,-0.995054
715.5,-0.997397
715,-0.712493
714.5,-0.856247
714,-0.954116
713.5,-0.441392
713,-0.782914
712.5,-0.509454
712,-0.957088
711.5,-0.659561
711,-0.994756
710.5,-0.54868
710,-0.172782
709.5,-0.592079
709,-0.917033
708.5,-0.555463
708,-0.990064
707.5,-0.984859
707,-0.497046
706.5,-0.974558
706,-0.707156
705.5,-0.974306
705,-0.906369
704.5,-0.528567
704,-0.862766
703.5,-0.913848
703,-0.732625
702.5,-0.937779
702,-0.994957
701.5,-0.260659
701,-0.772983
700.5,-0.427649
700,-0.868105
699.5,-0.995658
699,-0.588345
698.5,-0.975075
698,-0.953557
697.5,-0.893889
697,-0.888382
696.5,-0.759057
696,-0.928136
695.5,-0.697928
695,-0.934791
694.5,-0.797913
694,-0.993051
693.5,-0.86179
693,-0.996046
692.5,-0.871469
692,-0.982601
691.5,-0.706196
691,-0.987331
690.5,-0.941964
690,-0.278972
689.5,-0.96816
689,-0.88198
688.5,-0.940998
688,-0.680353
687.5,-0.784212
687,-0.828755
686.5,-0.924369
686,-0.809565
685.5,-0.972233
685,-0.937555
684.5,-0.99779
684,-0.73806
683.5,-0.973919
683,-0.97347
682.5,-0.0417876
682,-0.952258
681.5,-0.587758
681,-0.943959
680.5,-0.989729
680,-0.894824
679.5,-0.907629
679,-0.984756
678.5,-0.868929
678,-0.94632
677.5,-0.898683
677,-0.998784
676.5,-0.468471
676,-0.853856
675.5,-0.684729
675,-0.838353
674.5,-0.894597
674,-0.485504
673.5,-0.679822
673,-0.702906
672.5,-0.42445
672,-0.973169
671.5,-0.8891
671,-0.422547
670.5,-0.784187
670,-0.809252
669.5,-0.939922
669,-0.695909
668.5,-0.836999
668,-0.827724
667.5,-0.604349
667,-0.881038
666.5,-0.931674
666,-0.785779
665.5,-0.894535
665,-0.883406
664.5,-0.915198
664,-0.402623
663.5,-0.85379
663,-0.772051
662.5,-0.260023
662,-0.965103
661.5,-0.673248
661,-0.818562
660.5,-0.495591
660,-0.929507
659.5,-0.972326
659,-0.757054
658.5,-0.894034
658,-0.761366
657.5,-0.665324
657,-0.941603
656.5,-0.328779
656,-0.992295
655.5,-0.934105
655,-0.738899
654.5,-0.961747
654,-0.987177
653.5,-0.585344
653,-0.452231
652.5,-0.821864
652,-0.571904
651.5,-0.964681
651,-0.489142
650.5,-0.922239
650,-0.829447
649.5,-0.970168
649,-0.667153
648.5,-0.940231
648,-0.898295
647.5,-0.721657
647,-0.923945
646.5,-0.989023
646,-0.799475
645.5,-0.873826
645,-0.745565
644.5,-0.968648
644,-0.9524
643.5,-0.915198
643,-0.537266
642.5,-0.964841
642,-0.771506
641.5,-0.880238
641,-0.653262
640.5,-0.71483
640,-0.8033
639.5,-0.645315
639,-0.989659
638.5,-0.703839
638,-0.566928
637.5,-0.801485
637,-0.806439
636.5,-0.367733
636,-0.992128
635.5,-0.861569
635,-0.910172
634.5,-0.66389
634,-0.736562
633.5,-0.746759
633,-0.488494
632.5,-0.718737
632,-0.984942
631.5,-0.917032
631,-0.391591
630.5,-0.984545
630,-0.943763
629.5,-0.978946
629,-0.601524
628.5,-0.432484
628,-0.482242
627.5,-0.791925
627,-0.43555
626.5,-0.982532
626,-0.993789
625.5,-0.869224
625,-0.765617
624.5,-0.480745
624,-0.987712
623.5,-0.995105
623,-0.594172
622.5,-0.896742
622,-0.998077
621.5,-0.812713
621,-0.749726
620.5,-0.218862
620,-0.984302
619.5,-0.791585
619,-0.942826
618.5,-0.765942
618,-0.678571
617.5,-0.97206
617,-0.74513
616.5,-0.926818
616,-0.98291
615.5,-0.737014
615,-0.985726
614.5,-0.928026
614,-0.918743
613.5,-0.524118
613,-0.944585
612.5,-0.993666
612,-0.995146
611.5,-0.922146
611,-0.987811
610.5,-0.823405
610,-0.665026
609.5,-0.966733
609,-0.910778
608.5,-0.438474
608,-0.976593
607.5,-0.809879
607,-0.986065
606.5,-0.543865
606,-0.96857
605.5,-0.829022
605,-0.979269
604.5,-0.972475
604,-0.931316
603.5,-0.945975
603,-0.794866
602.5,-0.499408
602,-0.15038
601.5,-0.623825
601,-0.781329
600.5,-0.730131
600,-0.757473
599.5,-0.93988
599,-0.169021
598.5,-0.988681
598,-0.879404
597.5,-0.755644
597,-0.959722
596.5,-0.938388
596,-0.820609
595.5,-0.997722
595,-0.763118
594.5,-0.942212
594,-0.654066
593.5,-0.935231
593,-0.0884537
592.5,-0.959368
592,-0.686921
591.5,-0.958793
591,-0.902239
590.5,-0.642921
590,-0.938829
589.5,-0.272294
589,-0.730922
588.5,-0.961967
588,-0.886738
587.5,-0.523564
587,-0.960007
586.5,-0.943302
586,-0.0112226
585.5,-0.950543
585,-0.79432
584.5,-0.995597
584,-0.806904
583.5,-0.813664
583,-0.731718
582.5,-0.87519
582,-0.853894
581.5,-0.564958
581,-0.988124
580.5,-0.669794
580,-0.0781243
579.5,-0.664642
579,-0.988664
578.5,-0.943171
578,-0.979594
577.5,-0.648734
577,-0.901101
576.5,-0.774586
576,-0.90575
575.5,-0.627868
575,-0.91625
574.5,-0.998162
574,-0.909317
573.5,-0.978652
573,-0.971875
572.5,-0.751498
572,-0.866225
571.5,-0.627407
571,-0.361056
570.5,-0.64728
570,-0.735028
569.5,-0.655617
569,-0.691116
568.5,-0.988391
568,-0.305322
567.5,-0.759902
567,-0.356646
566.5,-0.351771
566,-0.999685
565.5,-0.972058
565,-0.627348
564.5,-0.996641
564,-0.978093
563.5,-0.788958
563,-0.920709
562.5,-0.853365
562,-0.944369
561.5,-0.863096
561,-0.82885
560.5,-0.980606
560,-0.936651
559.5,-0.973577
559,-0.998431
558.5,-0.937018
558,-0.990986
557.5,-0.754023
557,-0.441041
556.5,-0.808028
556,-0.926356
555.5,-0.396532
555,-0.208174
554.5,-0.48772
554,-0.795918
553.5,-0.85223
553,-0.80506
552.5,-0.997678
552,-0.870938
551.5,-0.929612
551,-0.970034
550.5,-0.467999
550,-0.971374
549.5,-0.757187
549,-0.996846
548.5,-0.752901
548,-0.982292
547.5,-0.368119
547,-0.701706
546.5,-0.998109
546,0.000331687
545.5,-0.849846
545,-0.920135
544.5,-0.903929
544,-0.84692
543.5,-0.863808
543,-0.893251
542.5,-0.597823
542,-0.965862
541.5,-0.695086
541,-0.704071
540.5,-0.393646
540,-0.930355
539.5,-0.581116
539,-0.977337
538.5,-0.792939
538,-0.933505
537.5,-0.946571
537,-0.887566
536.5,-0.993126
536,-0.846101
535.5,-0.983159
535,-0.92718
534.5,-0.579447
534,-0.998122
533.5,-0.62278
533,-0.877283
532.5,-0.971522
532,-0.987071
531.5,-0.27415
531,-0.90864
530.5,-0.66042
530,-0.951306
529.5,-0.0362048
529,-0.822738
528.5,-0.725115
528,-0.271143
527.5,-0.0154714
527,-0.929938
526.5,-0.997886
526,-0.968285
525.5,-0.922413
525,-0.972364
524.5,-0.97974
524,-0.870484
523.5,-0.550142
523,-0.967107
522.5,-0.891615
522,-0.75545
521.5,-0.843827
521,-0.822279
520.5,-0.958453
520,-0.944526
519.5,-0.754019
519,-0.625361
518.5,-0.99664
518,-0.651246
517.5,-0.985253
517,-0.317754
516.5,-0.850202
516,-0.490789
515.5,-0.963416
515,-0.924253
514.5,-0.97719
514,-0.862088
513.5,-0.859293
513,-0.956145
512.5,-0.877251
512,-0.970965
511.5,-0.951046
511,-0.6842
510.5,-0.997918
510,-0.280429
509.5,-0.512814
509,-0.0164597
508.5,1.95077e-08
508,-0.82527
507.5,-0.529739
507,-0.947512
506.5,-0.949298
506,-0.947909
505.5,-0.894562
505,-0.914737
504.5,-0.475556
504,-0.924339
503.5,-0.950821
503,-0.948438
502.5,-0.935076
502,-0.541154
501.5,-0.0306202
501,-0.791024
500.5,-0.963382
500,-0.986674
499.5,-0.986939
499,-0.938045
498.5,-0.963292
498,-0.954135
497.5,-0.917538
497,-0.917019
496.5,-0.46578
496,-0.966091
495.5,-0.831831
495,-0.0475427
494.5,-0.618075
494,-0.588988
493.5,-0.944975
493,-0.943803
492.5,-0.665537
492,-0.944958
491.5,-0.565986
491,-0.901553
490.5,-0.387465
490,-0.529591
489.5,-0.997483
489,-0.767344
488.5,-0.505366
488,-0.93818
487.5,-0.977859
487,-0.0199967
486.5,-0.556891
486,-0.881526
485.5,-0.950644
485,-0.864088
484.5,-0.981821
484,-0.95581
483.5,-0.962653
483,-0.95069
482.5,-0.828152
482,-0.911172
481.5,-0.965483
481,-0.51853
480.5,-0.767387
480,-0.148174
479.5,-0.672639
479,-0.826167
478.5,-0.960445
478,-0.717885
477.5,-0.779523
477,-0.745595
476.5,-0.965068
476,-0.961704
475.5,-0.858669
475,-0.425217
474.5,-0.816066
474,-0.907616
473.5,-0.965507
473,-0.746177
472.5,-0.899124
472,-0.782639
471.5,-0.652065
471,-0.996596
470.5,-0.568848
470,-0.997364
469.5,-0.913786
469,-0.898036
468.5,-0.46192
468,-0.978272
467.5,-0.612387
467,-0.573356
466.5,-0.575651
466,-0.864244
465.5,-0.853624
465,-0.954643
464.5,-0.892775
464,3.49378e-05
463.5,-0.930387
463,-0.948407
462.5,-0.677657
462,-0.93257
461.5,-0.650067
461,-0.963657
460.5,-0.710399
460,-0.781721
459.5,-0.495513
459,-0.844187
458.5,-0.87863
458,-0.970815
457.5,-0.872546
457,-0.456971
456.5,-0.0543433
456,-0.5227
455.5,-0.996067
455,-0.147246
454.5,-0.957919
454,-0.958583
453.5,-0.88839
453,-0.968529
452.5,-0.682108
452,-0.88967
451.5,-0.621078
451,-0.940896
450.5,-0.997033
450,-0.983123
449.5,-0.690417
449,-0.608801
448.5,-0.944689
448,-0.90021
447.5,-0.95857
447,-0.991379
446.5,-0.796078
446,-0.225139
445.5,-0.970498
445,-0.837059
444.5,-0.842527
444,-0.883044
443.5,-0.18466
443,-0.402898
442.5,-0.646308
442,-0.920685
441.5,-0.551622
441,-0.925647
440.5,-0.997764
440,-0.973822
439.5,-0.924255
439,-0.940609
438.5,-0.994563
438,-0.985979
437.5,-0.991366
437,-0.641733
436.5,-0.460327
436,-0.718647
435.5,-0.992139
435,-0.970626
434.5,-0.287356
434,-0.77198
433.5,-0.758199
433,-0.804341
432.5,-0.83185
432,-0.98457
431.5,-0.987882
431,-0.73915
430.5,-0.994725
430,-0.77687
429.5,-0.987146
429,-0.396452
428.5,-0.643727
428,-0.456754
427.5,-0.954259
427,-0.481283
426.5,-0.856486
426,-0.857245
425.5,-0.0626063
425,-0.700775
424.5,-0.882083
424,-0.827546
423.5,-0.951789
423,-0.94691
422.5,-0.944898
422,-0.637888
421.5,-0.511933
421,-0.911509
420.5,-0.93965
420,-0.899191
419.5,-0.740263
419,-0.950138
418.5,-0.940072
418,-0.842682
417.5,-0.692075
417,-0.963433
416.5,-0.895591
416,-0.351239
415.5,-6.46633e-05
415,-0.996439
414.5,-0.904522
414,-0.983109
413.5,-0.481379
413,-0.981151
412.5,-0.899553
412,-0.994526
411.5,-0.913093
411,-0.999291
410.5,-0.364247
410,-0.999225
409.5,-0.903299
409,-0.876588
408.5,-0.647031
408,-0.969636
407.5,-0.957371
407,-0.880025
406.5,-0.999624
406,-0.627028
405.5,-0.378347
405,-0.741605
404.5,-0.949278
404,-0.996122
403.5,-0.76107
403,-0.451754
402.5,-0.441894
402,-0.77258
401.5,-0.987352
401,-0.718521
400.5,-0.992697
400,-0.629849
399.5,-0.872052
399,-0.987265
398.5,-0.911391
398,-0.90809
397.5,-0.937663
397,-0.825025
396.5,-0.917995
396,-0.99789
395.5,-0.924099
395,-0.878979
394.5,-0.0129836
394,-0.986085
393.5,-0.993795
393,-0.927503
392.5,-0.918684
392,-0.797939
391.5,-0.694038
391,-0.954195
390.5,-0.0783039
390,-0.831557
389.5,-0.872105
389,-0.851704
388.5,-0.59022
388,-0.931719
387.5,-0.939205
387,-0.961004
386.5,-0.992143
386,-0.687078
385.5,-0.99672
385,-0.529693
384.5,-0.789041
384,0.00613215
383.5,-0.863995
383,-0.84806
382.5,-0.821422
382,-0.786061
381.5,-0.930604
381,-0.951894
380.5,-0.990826
380,-0.999294
379.5,-0.820077
379,-0.155739
378.5,-0.993162
378,-0.959486
377.5,-0.879234
377,-0.877811
376.5,-0.826423
376,-0.994399
375.5,-0.533383
375,-0.979367
374.5,-0.990713
374,-0.681886
373.5,-0.992535
373,-0.843442
372.5,-0.856765
372,-0.894179
371.5,-0.906617
371,-0.833756
370.5,-0.959159
370,-0.896893
369.5,-0.934396
369,-0.991999
368.5,-0.886761
368,-0.873231
367.5,-0.875063
367,-0.249467
366.5,-0.569683
366,-0.950871
365.5,-0.915813
365,-0.92044
364.5,-0.581552
364,-0.655124
363.5,-0.956637
363,-0.422791
362.5,-0.808507
362,-0.985428
361.5,-0.807651
361,-0.989548
360.5,-0.602082
360,-0.878619
359.5,-0.905646
359,-0.940822
358.5,-0.700932
358,-0.630796
357.5,-0.994499
357,-0.785835
356.5,-0.905433
356,-0.782005
355.5,-0.622599
355,-0.958439
354.5,-0.267333
354,-0.989186
353.5,-0.993009
353,-0.0271672
352.5,-0.988484
352,-0.460597
351.5,-0.956334
351,-0.980338
350.5,-0.721985
350,-0.676111
349.5,-0.967702
349,-0.990215
348.5,-0.960076
348,-0.662141
347.5,-0.976575
347,-0.443073
346.5,-0.76808
346,-0.966451
345.5,-0.455172
345,-0.921146
344.5,-0.926278
344,-0.994144
343.5,-0.821712
343,-0.458978
342.5,-0.690608
342,-0.310021
341.5,-0.937161
341,-0.820516
340.5,-0.98805
340,-0.985555
339.5,-0.350905
339,-0.920952
338.5,-0.957517
338,-0.936276
337.5,-0.822107
337,-0.410873
336.5,-0.978079
336,-0.656658
335.5,-0.942881
335,-0.984616
334.5,-0.859185
334,-0.802377
333.5,-0.915018
333,-0.985549
332.5,-0.99754
332,-0.929502
331.5,-0.802245
331,-0.865115
330.5,-0.964824
330,-0.921783
329.5,-0.910386
329,-0.512603
328.5,-0.917541
328,-0.991593
327.5,-0.781958
327,-0.469105
326.5,-0.648264
326,-0.952161
325.5,-0.838864
325,-0.989133
324.5,-0.836538
324,-0.963006
323.5,-0.842566
323,-0.518004
322.5,-0.493158
322,-0.904689
321.5,-0.890333
321,-0.934119
320.5,-0.930422
320,-0.971741
319.5,-0.437434
319,-0.879608
318.5,-0.794165
318,-0.711469
317.5,-0.564165
317,-0.994133
316.5,-0.993961
316,-0.930015
315.5,-0.764578
315,-0.65557
314.5,-0.475816
314,-0.852816
313.5,-0.746727
313,-0.438841
312.5,-0.490967
312,-0.967968
311.5,-0.606891
311,-0.362486
310.5,-0.95195
310,-0.901127
309.5,-0.477705
309,-0.992719
308.5,-0.741698
308,-0.215227
307.5,-0.849317
307,-0.539603
306.5,-0.791503
306,-0.998564
305.5,-0.909648
305,-0.204536
304.5,-0.744263
304,-0.88261
303.5,-0.941613
303,-0.447842
302.5,-0.810656
302,-0.999434
301.5,-0.657423
301,-0.999822
300.5,-0.936837
300,-0.349224
299.5,-0.944718
299,-0.933677
298.5,-0.978136
298,-0.704135
297.5,-0.767166
297,-0.788073
296.5,-0.324743
296,-0.609484
295.5,-0.907426
295,-0.999453
294.5,-0.754668
294,-0.949484
293.5,-0.999904
293,-0.377563
292.5,-0.70171
292,-0.957395
291.5,-0.98981
291,-0.911198
290.5,-0.827397
290,-0.974906
289.5,-0.96985
289,-0.939851
288.5,-0.910455
288,-0.973331
287.5,-0.945917
287,-0.993064
286.5,-0.992086
286,-0.964914
285.5,-0.960315
285,-0.981168
284.5,-0.939585
284,-0.887073
283.5,-0.922178
283,-0.459276
282.5,-0.975962
282,-0.531625
281.5,-0.867735
281,-0.98605
280.5,-0.750489
280,-0.936585
279.5,-0.985994
279,-0.906993
278.5,-0.978434
278,-0.853072
277.5,-0.948864
277,-0.850616
276.5,-0.972596
276,-0.839702
275.5,-0.884975
275,-0.98416
274.5,-0.481826
274,-0.742795
273.5,-0.865244
273,-0.321596
272.5,-0.867809
272,-0.743529
271.5,-2.80988e-05
271,-0.967086
270.5,-0.999673
270,-0.261257
269.5,-0.815063
269,-0.74732
268.5,-5.64364e-05
268,-0.740578
267.5,-0.993768
267,-0.693635
266.5,-0.957432
266,-0.962346
265.5,-0.754103
265,-0.734449
264.5,-0.647659
264,-0.930703
263.5,-0.875785
263,-0.456751
262.5,-0.947375
262,-0.957671
261.5,-0.888684
261,-0.54683
260.5,-0.892361
260,-0.93724
259.5,-0.980354
259,-0.860068
258.5,-0.125357
258,-0.671038
257.5,-0.97306
257,-0.723989
256.5,-0.9056
256,-0.937403
255.5,-0.710643
255,-0.992015
254.5,-0.749956
254,-0.869717
253.5,-0.790001
253,-0.935525
252.5,-0.939509
252,-0.791144
251.5,-0.970319
251,-0.953283
250.5,-0.919387
250,-0.537621
249.5,-0.895638
249,-0.762236
248.5,-0.95699
248,-0.921449
247.5,-0.596857
247,-0.421165
246.5,-0.814376
246,-0.972915
245.5,-0.975573
245,-0.818903
244.5,-0.997334
244,-0.0823073
243.5,-0.99102
243,-0.344669
242.5,-0.966792
242,-0.399759
241.5,-0.984799
241,-0.966455
240.5,-0.0997069
240,-0.980219
239.5,-0.997933
239,-0.946626
238.5,-0.790101
238,-0.6313
237.5,-0.26665
237,-0.693731
236.5,-0.592405
236,-0.900133
235.5,-0.982795
235,-0.440551
234.5,-0.975816
234,-0.764606
233.5,-0.950006
233,-0.837975
232.5,-0.773614
232,-0.77402
231.5,-0.647041
231,-0.470833
230.5,-0.5441
230,-0.788499
229.5,-0.759406
229,-0.887417
228.5,-0.914893
228,-0.976508
227.5,-0.61109
227,-0.95297
226.5,-0.777272
226,-0.893887
225.5,-0.96401
225,-0.955991
224.5,-0.782186
224,-0.998026
223.5,-0.945232
223,-0.143922
222.5,-0.812268
222,-0.993944
221.5,-0.977234
221,-0.92466
220.5,-0.957593
220,-0.873209
219.5,-0.945758
219,-0.98458
218.5,-0.921647
218,-0.0770065
217.5,-0.610169
217,-0.977916
216.5,-0.884913
216,-0.970586
215.5,-0.914375
215,-0.907412
214.5,-0.66809
214,-0.904214
213.5,-0.984315
213,-0.95967
212.5,-0.874894
212,-0.658687
211.5,-0.974051
211,-0.960132
210.5,-0.817815
210,-0.959713
209.5,-0.697283
209,-3.18763e-05
208.5,-3.70769e-12
208,-3.87014e-05
207.5,-1.48852e-05
207,-0.346909
206.5,-0.872299
206,-0.64537
205.5,-0.200626
205,-0.941688
204.5,-0.97606
204,-0.783346
203.5,-0.376365
203,-0.990832
202.5,-0.986847
202,-0.948328
201.5,-0.617314
201,-0.994692
200.5,-0.828076
200,-0.598641
199.5,-0.122055
199,-0.624236
198.5,-0.616056
198,-0.585324
197.5,-0.971286
197,-0.889534
196.5,-0.980497
196,-0.773258
195.5,-0.671869
195,-0.91882
194.5,-0.753637
194,-0.894649
193.5,-0.941363
193,-0.947609
192.5,-0.995024
192,-0.820387
191.5,-0.791029
191,-0.995487
190.5,-0.904184
190,-0.355129
189.5,-0.757112
189,-0.771219
188.5,-0.950698
188,-0.830879
187.5,-0.794707
187,-0.913264
186.5,-0.81632
186,-0.684568
185.5,-0.685736
185,-0.5792
184.5,-0.411422
184,-0.9999
183.5,-0.982705
183,-0.921222
182.5,-0.933381
182,-0.432554
181.5,-0.894321
181,-0.885786
180.5,-0.513558
180,-0.936685
179.5,-0.330375
179,-0.869094
178.5,-0.809367
178,-0.677835
177.5,-0.891207
177,-0.82787
176.5,-0.68433
176,-0.999798
175.5,-0.997476
175,-0.854263
174.5,-0.995527
174,-0.959727
173.5,-0.949837
173,-0.986467
172.5,-0.893011
172,-0.803926
171.5,-0.858345
171,-0.997771
170.5,-0.645938
170,-0.979366
169.5,-0.953186
169,-0.968068
168.5,-0.975889
168,-0.940694
167.5,-0.284211
167,-0.979542
166.5,-0.946091
166,-0.99731
165.5,-0.509466
165,-0.74004
164.5,-0.911973
164,-0.714018
163.5,-0.734408
163,-0.922469
162.5,-0.974269
162,-0.837692
161.5,-0.723429
161,-0.982305
160.5,-0.939581
160,-0.78491
159.5,-0.803445
159,-0.988315
158.5,-0.964484
158,-0.381944
157.5,-0.712784
157,-0.858786
156.5,-0.996798
156,-0.683317
155.5,-0.968129
155,-0.998586
154.5,-0.996781
154,-0.806977
153.5,-0.716334
153,-0.999554
152.5,-0.940377
152,-0.899737
151.5,-0.942887
151,-0.909633
150.5,-0.789713
150,-0.79279
149.5,-0.712857
149,-0.979871
148.5,-0.21055
148,-0.873465
147.5,-0.989756
147,-0.946551
146.5,-0.951685
146,-0.673385
145.5,-0.921639
145,-0.220055
144.5,-0.393276
144,-0.978422
143.5,-0.970454
143,-0.939709
142.5,-0.966068
142,-0.239725
141.5,-0.672424
141,-0.673936
140.5,-0.316996
140,-0.0774129
139.5,-0.849898
139,-0.966703
138.5,-0.929718
138,-0.891283
137.5,-0.906463
137,-0.59136
136.5,-0.984998
136,-0.966381
135.5,-0.931095
135,-0.81301
134.5,-0.204475
134,-0.841383
133.5,-0.985612
133,-0.994546
132.5,-0.850518
132,-0.890777
131.5,-0.963708
131,-0.959553
130.5,-0.129474
130,-0.914428
129.5,-0.882674
129,-0.832103
128.5,-0.464492
128,-0.91231
127.5,-0.892648
127,-0.961577
126.5,-0.652492
126,-0.965119
125.5,-0.856536
125,-0.77861
124.5,-0.946973
124,-0.959495
123.5,-0.868433
123,-0.933038
122.5,-0.85809
122,-0.684559
121.5,-0.993084
121,-0.863182
120.5,-0.820845
120,-0.69443
119.5,-0.74184
119,-0.836407
118.5,-0.759279
118,-0.955835
117.5,-0.981005
117,-0.998962
116.5,-0.981196
116,-0.324434
115.5,-0.944068
115,0.000153162
114.5,-0.998082
114,-0.905433
113.5,-0.954778
113,-0.908478
112.5,-0.999987
112,-0.832065
111.5,-0.806141
111,-0.998686
110.5,-0.858195
110,-0.353662
109.5,-0.881641
109,-0.955264
108.5,-0.990069
108,-0.895233
107.5,-0.725849
107,-0.407077
106.5,-0.910296
106,-0.97612
105.5,-0.79969
105,-0.997967
104.5,-0.828432
104,-0.553251
103.5,-0.918167
103,-0.968499
102.5,-0.555506
102,-0.981344
101.5,-0.989377
101,-0.765533
100.5,-0.430029
100,-0.36096
99.5,-0.998759
99,-0.588253
98.5,-0.768909
98,-0.887225
97.5,-0.50704
97,-0.500766
96.5,-0.993831
96,-0.995743
95.5,-0.720212
95,-0.849376
94.5,-0.968666
94,-0.929397
93.5,-0.937108
93,-0.677674
92.5,-0.9338
92,-0.705244
91.5,-0.868212
91,-0.990926
90.5,-0.94208
90,-0.779076
89.5,-0.833885
89,-0.770886
88.5,-0.983892
88,-0.767637
87.5,-0.770931
87,-0.888133
86.5,-0.990776
86,-0.685415
85.5,-0.997491
85,-0.735246
84.5,-0.98142
84,-0.858325
83.5,-0.797961
83,-0.76203
82.5,-2.65383e-12
82,-3.85184e-11
81.5,-7.51023e-05
81,-7.25762e-05
80.5,-0.957462
80,-0.8213
79.5,-0.87864
79,-0.948923
78.5,-0.654269
78,-0.473414
77.5,-0.963228
77,-0.261706
76.5,-0.708229
76,-0.675613
75.5,-0.865683
75,-0.967829
74.5,-0.943993
74,-0.895519
73.5,-0.945502
73,-0.939222
72.5,-0.772551
72,-0.839595
71.5,-0.868477
71,-0.857413
70.5,-0.578611
70,-0.948222
69.5,-0.994425
69,-0.596844
68.5,-0.486688
68,-0.639572
67.5,-0.881535
67,-0.88019
66.5,-0.537829
66,-0.910918
65.5,-0.722633
65,-0.978096
64.5,-0.967173
64,-0.938103
63.5,-0.958953
63,-0.0502413
62.5,-0.661492
62,-0.653444
61.5,-0.784363
61,-0.864857
60.5,-0.94686
60,-0.908313
59.5,-0.950198
59,-0.943046
58.5,-0.975819
58,-0.956228
57.5,-0.983731
57,-0.776767
56.5,-0.956558
56,-0.955626
55.5,-0.993095
55,-0.902484
54.5,-0.824559
54,-0.912964
53.5,-0.145389
53,-0.969748
52.5,-0.507279
52,-0.99034
51.5,-0.495767
51,-0.970828
50.5,-0.453031
50,-0.498559
49.5,-0.816516
49,-0.92072
48.5,-0.755212
48,-0.853465
47.5,-0.408871
47,-0.996508
46.5,-0.555999
46,-0.796942
45.5,-0.714128
45,-0.950117
44.5,-0.183127
44,-0.946689
43.5,-0.372929
43,-0.999884
42.5,-0.286075
42,-0.910869
41.5,-0.555822
41,-0.853466
40.5,-0.653179
40,-0.800411
39.5,-0.984134
39,-0.968342
38.5,-0.972122
38,-0.928624
37.5,-0.830399
37,-0.986334
36.5,-0.666557
36,-0.800147
35.5,-0.924441
35,-0.57078
34.5,-0.907486
34,-0.908514
33.5,-0.746233
33,-0.787657
32.5,-0.76869
32,-0.952578
31.5,-0.871775
31,-0.218081
30.5,-0.859623
30,-0.498817
29.5,-0.979407
29,-0.995541
28.5,-0.988485
28,-0.805565
27.5,-0.986859
27,-0.998504
26.5,-0.812573
26,-0.311046
25.5,-0.624293
25,-0.832542
24.5,-0.768676
24,-0.786056
23.5,-0.947794
23,-0.888241
22.5,-0.912689
22,-0.806385
21.5,-0.954418
21,-0.648173
20.5,-0.996375
20,-0.962072
19.5,-0.963142
19,-0.0386851
18.5,-0.848448
18,-0.556915
17.5,-0.69258
17,-0.995294
16.5,-0.611249
16,-0.613196
15.5,-0.989891
15,-0.810497
14.5,-0.645189
14,-0.781569
13.5,-0.783244
13,-0.784138
12.5,-0.453591
12,-0.956526
11.5,-0.974137
11,-0.254846
10.5,-0.605387
10,-0.806362
9.5,-0.681422
9,-0.854108
8.5,-0.572996
8,-0.98845
7.5,-0.845993
7,-0.922265
6.5,-0.780716
6,-0.98933
5.5,-0.194785
5,-0.812627
4.5,-0.683293
4,-0.891634
3.5,-0.565174
3,-0.90184
2.5,-0.412133
2,-0.874844
1.5,-0.923523
1,-0.95486
0.5,-0.542433
